"CollegeAthleteId","NflAthleteId","CollegeId","CollegeTeam","CollegeConference","NflTeamId","NflTeam","Year","Overall","Round","Pick","Name","Position","Height","Weight","PreDraftRanking","PreDraftPositionRanking","PreDraftGrade","HometownInfo City","HometownInfo State","HometownInfo Country","HometownInfo Latitude","HometownInfo Longitude","HometownInfo CountyFips"
"4688380","107910","2390","Miami","ACC","10","Tennessee","2025","1","1","1","Cam Ward","Quarterback","74","219","8","1","92","West Columbia","TX","USA","29.1438582","-95.6452249","48039"
"4685415","109188","38","Colorado","Big 12","30","Jacksonville","2025","2","1","2","Travis Hunter","Cornerback","72","188","2","1","94","Suwanee","GA","USA","34.0514898","-84.0712997","13135"
"4725996","109198","213","Penn State","Big Ten","19","New York","2025","3","1","3","Abdul Carter","Defensive Edge","75","250","1","1","94","Philadelphia","PA","USA","39.9527237","-75.1635262","42101"
"4685298","109195","99","LSU","SEC","17","New England","2025","4","1","4","Will Campbell","Offensive Tackle","78","319","14","2","91","Monroe","LA","USA","32.5093109","-92.1193012","22073"
"4873232","109186","130","Michigan","Big Ten","5","Cleveland","2025","5","1","5","Mason Graham","Defensive Tackle","76","296","5","1","93","Anaheim","CA","USA","33.8347516","-117.911732","06059"
"4890973","109201","68","Boise State","Mountain West","13","Las Vegas","2025","6","1","6","Ashton Jeanty","Running Back","69","211","3","1","93","Jacksonville","FL","USA","30.3321838","-81.655651","12031"
"4789907","109329","142","Missouri","SEC","20","New York","2025","7","1","7","Armand Membou","Offensive Tackle","76","332","9","1","91","Lee's Summit","MO","USA","38.9107156","-94.3821295","29095"
"4685472","109190","12","Arizona","Big 12","29","Carolina","2025","8","1","8","Tetairoa McMillan","Wide Receiver","76","219","13","1","91","Anaheim","CA","USA","33.8347516","-117.911732","06059"
"4685260","109191","251","Texas","SEC","18","New Orleans","2025","9","1","9","Kelvin Banks Jr.","Offensive Tackle","77","315","26","4","88","Humble","TX","USA","29.9988312","-95.2621553","48201"
"4723086","109216","130","Michigan","Big Ten","3","Chicago","2025","10","1","10","Colston Loveland","Tight End","78","248","7","2","92","Gooding","ID","USA","42.9389067","-114.7131938","16047"
"4685623","109194","61","Georgia","SEC","25","San Francisco","2025","11","1","11","Mykel Williams","Defensive Edge","77","260","12","3","91","Columbus","GA","USA","32.4609764","-84.9877094","13215"
"4685263","109239","333","Alabama","SEC","6","Dallas","2025","12","1","12","Tyler Booker","Offensive Guard","77","321","51","2","85","New Haven","CT","USA","41.3082138","-72.9250518","09009"
"4894654","109214","130","Michigan","Big Ten","15","Miami","2025","13","1","13","Kenneth Grant","Defensive Tackle","76","331","27","4","88","Merrillville","IN","USA","41.4828144","-87.3328139","18089"
"4431459","109258","213","Penn State","Big Ten","11","Indianapolis","2025","14","1","14","Tyler Warren","Tight End","78","256","6","1","93","Mechanicsville","VA","USA","37.6193174","-77.3369627","51085"
"4685597","109211","61","Georgia","SEC","1","Atlanta","2025","15","1","15","Jalon Walker","Linebacker","73","243","4","2","93","Salisbury","NC","USA","35.6709727","-80.4742261","37159"
"4685503","109220","145","Ole Miss","SEC","22","Arizona","2025","16","1","16","Walter Nolen","Defensive Tackle","76","296","17","3","90","Powell","TN","USA","36.0317472","-84.0279677","47093"
"4685562","109295","245","Texas A&M","SEC","4","Cincinnati","2025","17","1","17","Shemar Stewart","Defensive Edge","77","267","22","6","89","Miramar","FL","USA","25.975911449999998","-80.33472128115224","12011"
"4693346","109324","2449","North Dakota State","MVFC","26","Seattle","2025","18","1","18","Grey Zabel","Offensive Guard","78","312","33","1","87","Pierre","SD","USA","44.368305","-100.351185","46065"
"4567750","109232","194","Ohio State","Big Ten","27","Tampa Bay","2025","19","1","19","Emeka Egbuka","Wide Receiver","73","202","40","4","87","Steilacoom","WA","USA","47.1703692","-122.5962874","53053"
"4430925","109246","251","Texas","SEC","7","Denver","2025","20","1","20","Jahdae Barron","Cornerback","71","194","11","3","91","Pflugerville","TX","USA","30.4393696","-97.6200043","48453"
"4682980","109215","2483","Oregon","Big Ten","23","Pittsburgh","2025","21","1","21","Derrick Harmon","Defensive Tackle","77","313","15","2","91","Detroit","MI","USA","42.3315509","-83.0466403","26163"
"4685382","109208","153","North Carolina","ACC","24","Los Angeles","2025","22","1","22","Omarion Hampton","Running Back","72","221","21","2","90","Clayton","NC","USA","35.650711","-78.4563914","37101"
"4701936","109383","251","Texas","SEC","9","Green Bay","2025","23","1","23","Matthew Golden","Wide Receiver","71","191","23","2","89","Houston","TX","USA","29.7589382","-95.3676974","48201"
"4431553","109244","194","Ohio State","Big Ten","16","Minnesota","2025","24","1","24","Donovan Jackson","Offensive Guard","76","315","55","4","84","Bellaire","TX","USA","29.7057858","-95.4588299","48201"
"4689114","109275","145","Ole Miss","SEC","19","New York","2025","25","1","25","Jaxson Dart","Quarterback","74","223","39","3","87","Kaysville","UT","USA","41.0349847","-111.9383931","49011"
"5081394","109189","2633","Tennessee","SEC","1","Atlanta","2025","26","1","26","James Pearce Jr.","Defensive Edge","77","245","16","4","90","Charlotte","NC","USA","35.2272","-80.843083","37119"
"4685530","109197","61","Georgia","SEC","33","Baltimore","2025","27","1","27","Malaki Starks","Safety","73","197","34","2","87","Jefferson","GA","USA","34.1170537","-83.5723876","13157"
"4431615","109202","194","Ohio State","Big Ten","8","Detroit","2025","28","1","28","Tyleik Williams","Defensive Tackle","75","334","59","8","83","Manassas","VA","USA","38.7509488","-77.4752667","51683"
"4685326","109290","2483","Oregon","Big Ten","28","Washington","2025","29","1","29","Josh Conerly Jr.","Offensive Tackle","77","311","32","5","87","Seattle","WA","USA","47.6038321","-122.3300624","53033"
"4688931","109243","96","Kentucky","SEC","2","Buffalo","2025","30","1","30","Maxwell Hairston","Cornerback","71","183","18","4","90","West Bloomfield","MI","USA","42.5679","-83.3733","36069"
"4685287","109228","333","Alabama","SEC","21","Philadelphia","2025","31","1","31","Jihaad Campbell","Linebacker","75","235","19","1","90","Erial","NJ","USA","39.773448","-75.006278","34007"
"4569659","109266","194","Ohio State","Big Ten","12","Kansas City","2025","32","1","32","Josh Simmons","Offensive Tackle","77","317","24","3","89","San Diego","CA","USA","32.7174209","-117.1627714","06073"
"4876017","109382","26","UCLA","Big Ten","5","Cleveland","2025","33","2","1","Carson Schwesinger","Linebacker","75","242","53","2","84","Westlake Village","CA","USA","34.1460234","-118.8061794","06037"
"4877706","109245","66","Iowa State","Big 12","34","Houston","2025","34","2","2","Jayden Higgins","Wide Receiver","76","214","38","3","87","South Miami","FL","USA","25.707846699999997","-80.29563567682854","12086"
"4869523","109207","2579","South Carolina","SEC","26","Seattle","2025","35","2","3","Nick Emmanwori","Safety","75","220","25","1","89","Irmo","SC","USA","34.08846885","-81.18021121302588","45063"
"4685702","109223","194","Ohio State","Big Ten","5","Cleveland","2025","36","2","4","Quinshon Judkins","Running Back","72","221","50","4","85","Pike Road","AL","USA","32.272931","-86.15018999518217","01101"
"4819257","109210","12","Arizona","Big 12","15","Miami","2025","37","2","5","Jonah Savaiinaea","Offensive Guard","76","324","54","3","84","Honolulu","HI","USA","21.304547","-157.8556764","15003"
"4432710","109302","194","Ohio State","Big Ten","17","New England","2025","38","2","6","TreVeyon Henderson","Running Back","70","202","30","3","88","Hopewell","VA","USA","36.7468036","-79.4639158","51143"
"4685278","109204","142","Missouri","SEC","3","Chicago","2025","39","2","7","Luther Burden III","Wide Receiver","72","206","45","6","86","Saint Louis","MO","USA","38.6264178","-90.1998378","29510"
"4360689","107815","97","Louisville","ACC","18","New Orleans","2025","40","2","8","Tyler Shough","Quarterback","77","219","58","4","84","Chandler","AZ","USA","33.3062223","-111.8413317","04013"
"4684527","109385","2579","South Carolina","SEC","2","Buffalo","2025","41","2","9","T.J. Sanders","Defensive Tackle","76","297","47","7","85","Marion","SC","USA","40.5583739","-85.6591442","18053"
"4808766","109256","99","LSU","SEC","20","New York","2025","42","2","10","Mason Taylor","Tight End","77","251","41","4","87","Plantation","FL","USA","26.1265258","-80.25786123765101","12011"
"4430835","107798","251","Texas","SEC","25","San Francisco","2025","43","2","11","Alfred Collins","Defensive Tackle","78","332","71","10","79","Bastrop","TX","USA","30.1104947","-97.3152701","48021"
"4683848","109268","103","Boston College","ACC","6","Dallas","2025","44","2","12","Donovan Ezeiruaku","Defensive Edge","75","248","28","7","88","Williamstown","NJ","USA","39.6862263","-74.995168","34015"
"4566154","109231","194","Ohio State","Big Ten","11","Indianapolis","2025","45","2","13","JT Tuimoloau","Defensive Edge","76","265","52","9","84","Edgewood","WA","USA","","",""
"4570037","109308","2483","Oregon","Big Ten","14","Los Angeles","2025","46","2","14","Terrance Ferguson","Tight End","77","247","69","5","79","Littleton","CO","USA","39.613321","-105.0166498","08005"
"4685408","109187","130","Michigan","Big Ten","22","Arizona","2025","47","2","15","Will Johnson","Cornerback","74","194","10","2","91","Detroit","MI","USA","42.3315509","-83.0466403","26163"
"4429693","109205","135","Minnesota","Big Ten","34","Houston","2025","48","2","16","Aireontae Ersery","Offensive Tackle","78","331","46","6","85","Kansas City","MO","USA","39.100105","-94.5781416","29095"
"4427729","109398","2579","South Carolina","SEC","4","Cincinnati","2025","49","2","17","Demetrius Knight Jr.","Linebacker","74","235","94","3","72","Locust Grove","GA","USA","33.3459495","-84.109083","13151"
"4678006","109335","2390","Miami","ACC","26","Seattle","2025","50","2","18","Elijah Arroyo","Tight End","77","250","36","3","87","Frisco","TX","USA","33.1506744","-96.8236116","48085"
"4833355","109203","245","Texas A&M","SEC","29","Carolina","2025","51","2","19","Nic Scourton","Defensive Edge","75","257","64","11","82","Bryan","TX","USA","30.6743643","-96.3699632","48041"
"4876057","109396","26","UCLA","Big Ten","10","Tennessee","2025","52","2","20","Oluwafemi Oladejo","Defensive Edge","75","259","60","10","83","Elk Grove","CA","USA","38.4087993","-121.3716178","06067"
"4816107","109196","87","Notre Dame","FBS Independents","27","Tampa Bay","2025","53","2","21","Benjamin Morrison","Cornerback","72","193","63","7","82","Phoenix","AZ","USA","33.4484367","-112.0741417","04013"
"4873706","108723","152","NC State","ACC","9","Green Bay","2025","54","2","22","Anthony Belton","Offensive Tackle","78","336","92","9","73","Tallahassee","FL","USA","30.4380832","-84.2809332","12073"
"4686612","109212","145","Ole Miss","SEC","24","Los Angeles","2025","55","2","23","Tre Harris","Wide Receiver","74","205","44","5","86","Lafayette","LA","USA","30.2240897","-92.0198427","22055"
"4432595","109421","103","Boston College","ACC","3","Chicago","2025","56","2","24","Ozzy Trapilo","Offensive Tackle","80","316","74","7","78","Norwell","MA","USA","42.1617681","-70.7939307","25023"
"4429035","109260","61","Georgia","SEC","8","Detroit","2025","57","2","25","Tate Ratledge","Offensive Guard","79","308","72","5","78","Rome","GA","USA","34.257038","-85.1646726","13115"
"4603186","109424","2628","TCU","Big 12","13","Las Vegas","2025","58","2","26","Jack Bech","Wide Receiver","73","214","57","8","84","Lafayette","LA","USA","30.2240897","-92.0198427","22055"
"4683188","109304","276","Marshall","Sun Belt","33","Baltimore","2025","59","2","27","Mike Green","Defensive Edge","75","251","20","5","90","Williamsburg","VA","USA","37.2708788","-76.7074042","51830"
"4568490","109323","2116","UCF","Big 12","7","Denver","2025","60","2","28","RJ Harvey","Running Back","68","205","119","11","67","Orlando","FL","USA","28.5421109","-81.3790304","12095"
"4574689","109297","145","Ole Miss","SEC","28","Washington","2025","61","2","29","Trey Amos","Cornerback","73","195","37","6","87","New Iberia","LA","USA","30.0035365","-91.8187285","22045"
"4432804","109222","245","Texas A&M","SEC","3","Chicago","2025","62","2","30","Shemar Turner","Defensive Tackle","75","290","43","6","86","Desoto","TX","USA","32.6061241","-96.865612653687","48113"
"4591008","109341","2633","Tennessee","SEC","12","Kansas City","2025","63","2","31","Omarr Norman-Lott","Defensive Tackle","74","291","66","9","80","North Highlands","CA","USA","38.6857362","-121.3721745","06067"
"4602197","109309","251","Texas","SEC","21","Philadelphia","2025","64","2","32","Andrew Mukuba","Safety","71","186","95","6","72","Austin","TX","USA","30.2711286","-97.7436995","48453"
"4426542","109420","2649","Toledo","Mid-American","19","New York","2025","65","3","1","Darius Alexander","Defensive Tackle","76","305","29","5","88","Fort Wayne","IN","USA","41.0799898","-85.1386015","18003"
"4684432","109276","97","Louisville","ACC","12","Kansas City","2025","66","3","2","Ashton Gillotte","Defensive Edge","75","264","103","17","70","Boca Raton","FL","USA","26.3586885","-80.0830984","12099"
"5083076","109274","189","Bowling Green","Mid-American","5","Cleveland","2025","67","3","3","Harold Fannin Jr.","Tight End","75","241","93","7","73","Canton","OH","USA","40.7989522","-81.3784445","39151"
"4430330","109356","66","Iowa State","Big 12","13","Las Vegas","2025","68","3","4","Darien Porter","Cornerback","75","195","84","9","75","Bettendorf","IA","USA","41.5252761","-90.5096386","19163"
"4613202","109392","265","Washington State","Pac-12","17","New England","2025","69","3","5","Kyle Williams","Wide Receiver","71","190","68","10","79","Hawthorne","CA","USA","33.9188589","-118.3483256","06037"
"5123663","109481","8","Arkansas","SEC","8","Detroit","2025","70","3","6","Isaac TeSlaa","Wide Receiver","76","214","157","17","58","Hudsonville","MI","USA","42.870889","-85.865235","26139"
"4429040","109336","251","Texas","SEC","18","New Orleans","2025","71","3","7","Vernon Broughton","Defensive Tackle","77","311","132","15","64","Houston","TX","USA","29.7589382","-95.3676974","48201"
"4432715","109219","8","Arkansas","SEC","2","Buffalo","2025","72","3","8","Landon Jackson","Defensive Edge","78","264","65","12","81","Texarkana","TX","USA","33.44628645","-94.07638067493534","48037"
"4685596","109391","52","Florida State","ACC","20","New York","2025","73","3","9","Azareye'h Thomas","Cornerback","74","197","67","8","79","Niceville","FL","USA","30.5168639","-86.482172","12091"
"4600981","109234","356","Illinois","Big Ten","7","Denver","2025","74","3","10","Pat Bryant","Wide Receiver","74","204","163","18","57","Jacksonville","FL","USA","30.3321838","-81.655651","12031"
"4573188","109461","197","Oklahoma State","Big 12","25","San Francisco","2025","75","3","11","Nick Martin","Linebacker","72","221","185","14","53","Texarkana","TX","USA","33.44628645","-94.07638067493534","48037"
"5095865","109206","151","East Carolina","American Athletic","6","Dallas","2025","76","3","12","Shavon Revel Jr.","Cornerback","74","194","31","5","88","Winston-Salem","NC","USA","36.0998131","-80.2440518","37067"
"4429166","109303","145","Ole Miss","SEC","29","Carolina","2025","77","3","13","Princely Umanmielen","Defensive Edge","76","244","89","15","74","Manor","TX","USA","30.3407629","-97.5569456","48453"
"4428996","109293","2483","Oregon","Big Ten","22","Arizona","2025","78","3","14","Jordan Burch","Defensive Edge","76","279","49","8","85","Columbia","SC","USA","34.0007493","-81.0343313","45079"
"4586312","109328","66","Iowa State","Big 12","34","Houston","2025","79","3","15","Jaylin Noel","Wide Receiver","70","194","48","7","85","Kansas City","MO","USA","39.100105","-94.5781416","29095"
"4682909","109508","135","Minnesota","Big Ten","11","Indianapolis","2025","80","3","16","Justin Walley","Cornerback","70","190","194","22","51","Diberville","MS","USA","30.4263092","-88.8908638","28047"
"4646773","109314","61","Georgia","SEC","4","Cincinnati","2025","81","3","17","Dylan Fairchild","Offensive Guard","77","318","118","9","67","Cumming","GA","USA","34.2073196","-84.1401926","13117"
"4685617","109230","213","Penn State","Big Ten","10","Tennessee","2025","82","3","18","Kevin Winston Jr.","Safety","74","215","56","3","84","Columbia","MD","USA","39.193919550000004","-76.87477229012376","24027"
"4819231","109226","2294","Iowa","Big Ten","23","Pittsburgh","2025","83","3","19","Kaleb Johnson","Running Back","73","224","61","5","83","Hamilton","OH","USA","39.3995067","-84.5613428","39017"
"4912847","109390","2306","Kansas State","Big 12","27","Tampa Bay","2025","84","3","20","Jacob Parrish","Cornerback","70","191","98","12","71","Olathe","KS","USA","38.8838856","-94.81887","20091"
"4610705","109370","25","California","ACC","12","Kansas City","2025","85","3","21","Nohl Williams","Cornerback","72","199","96","11","72","Oxnard","CA","USA","34.1976308","-119.1803818","06111"
"5089178","109434","2483","Oregon","Big Ten","24","Los Angeles","2025","86","3","22","Jamaree Caldwell","Defensive Tackle","74","332","210","26","48","Newberry","SC","USA","34.2753247","-81.6188633","45071"
"4431487","108599","2628","TCU","Big 12","9","Green Bay","2025","87","3","23","Savion Williams","Wide Receiver","76","222","99","14","71","Marshall","TX","USA","32.5447756","-94.3661004","48203"
"4683347","109407","2655","Tulane","American Athletic","30","Jacksonville","2025","88","3","24","Caleb Ransaw","Cornerback","71","197","200","23","50","Harvest","AL","USA","34.857193249999995","-86.74907012252524","01089"
"4431463","109249","277","West Virginia","Big 12","30","Jacksonville","2025","89","3","25","Wyatt Milum","Offensive Guard","79","313","115","8","68","Kenova","WV","USA","","",""
"4682983","109247","130","Michigan","Big Ten","14","Los Angeles","2025","90","3","26","Josaiah Stewart","Defensive Edge","73","249","77","13","76","Everett","MA","USA","42.40843","-71.0536625","25017"
"4685736","109199","99","LSU","SEC","33","Baltimore","2025","91","3","27","Emery Jones Jr.","Offensive Tackle","77","315","143","13","61","Baton Rouge","LA","USA","30.4459596","-91.18738","22033"
"4432734","109250","333","Alabama","SEC","26","Seattle","2025","92","3","28","Jalen Milroe","Quarterback","74","217","81","5","75","Katy","TX","USA","29.7857853","-95.8243956","48157"
"4683813","109306","258","Virginia","ACC","18","New Orleans","2025","93","3","29","Jonas Sanker","Safety","72","206","83","5","75","Charlottesville","VA","USA","38.029306","-78.4766781","51540"
"4427238","109320","2483","Oregon","Big Ten","5","Cleveland","2025","94","3","30","Dillon Gabriel","Quarterback","71","205","217","10","47","Mililani","HI","USA","21.4508308","-158.0095783","15003"
"4599198","109313","61","Georgia","SEC","17","New England","2025","95","3","31","Jared Wilson","Center","75","310","42","1","86","Winston-salem","NC","USA","36.0998131","-80.2440518","37067"
"4431005","109292","87","Notre Dame","FBS Independents","1","Atlanta","2025","96","3","32","Xavier Watts","Safety","72","204","70","4","79","Omaha","NE","USA","41.2587459","-95.9383758","31055"
"4594277","109365","30","USC","Big Ten","34","Houston","2025","97","3","33","Jaylin Smith","Cornerback","71","187","267","31","39","Palmdale","CA","USA","34.5793131","-118.1171108","06037"
"4433889","109450","2641","Texas Tech","Big 12","13","Las Vegas","2025","98","3","34","Caleb Rogers","Offensive Tackle","77","312","122","11","66","Mansfield","TX","USA","32.5631924","-97.1416768","48439"
"4694505","109330","2729","William & Mary","CAA","13","Las Vegas","2025","99","3","35","Charles Grant","Offensive Tackle","77","311","85","8","75","Portsmouth","VA","USA","36.8354258","-76.2982742","51740"
"4565200","109410","98","Western Kentucky","Conference USA","25","San Francisco","2025","100","3","36","Upton Stout","Cornerback","69","181","128","14","65","Houston","TX","USA","29.7589382","-95.3676974","48201"
"4603189","109422","99","LSU","SEC","7","Denver","2025","101","3","37","Sai'vion Jones","Defensive Edge","77","280","100","16","71","Vacherie","LA","USA","30.0110358","-90.7195356","22093"
"4565185","109447","120","Maryland","Big Ten","16","Minnesota","2025","102","3","38","Tai Felton","Wide Receiver","73","183","75","12","77","Ashburn","VA","USA","39.0437192","-77.4874899","51107"
"4431268","109453","57","Florida","SEC","10","Tennessee","2025","103","4","1","Chimere Dike","Wide Receiver","73","196","173","19","55","Waukesha","WI","USA","43.0116784","-88.2314813","55133"
"4882093","109443","259","Virginia Tech","ACC","30","Jacksonville","2025","104","4","2","Bhayshul Tuten","Running Back","69","206","131","13","64","Paulsboro","NJ","USA","39.830391","-75.2404608","34015"
"4696981","109307","9","Arizona State","Big 12","19","New York","2025","105","4","3","Cam Skattebo","Running Back","70","219","78","6","76","Rio Linda","CA","USA","38.6873975","-121.4593775259687","06067"
"4428930","110242","25","California","ACC","17","New England","2025","106","4","4","Craig Woodson","Safety","72","200","176","12","54","Grand Prairie","TX","USA","32.657368000000005","-97.02846624175038","48113"
"4427716","109454","87","Notre Dame","FBS Independents","30","Jacksonville","2025","107","4","5","Jack Kiser","Linebacker","74","231","164","11","57","Royal Center","IN","USA","40.8644849","-86.4997266","18017"
"4432775","110155","2633","Tennessee","SEC","13","Las Vegas","2025","108","4","6","Dont'e Thornton Jr.","Wide Receiver","77","205","237","26","43","Baltimore","MD","USA","39.2908816","-76.610759","24510"
"4831989","109224","96","Kentucky","SEC","2","Buffalo","2025","109","4","7","Deone Walker","Defensive Tackle","79","331","125","14","66","Detroit","MI","USA","42.3315509","-83.0466403","26163"
"4429105","109431","61","Georgia","SEC","20","New York","2025","110","4","8","Arian Smith","Wide Receiver","72","179","257","29","41","Bradley","FL","USA","27.7953069","-81.9803629","12105"
"4569586","109300","158","Nebraska","Big Ten","21","Philadelphia","2025","111","4","9","Ty Robinson","Defensive Tackle","77","288","87","12","74","Gilbert","AZ","USA","33.3527632","-111.7890373","04013"
"4683215","109278","201","Oklahoma","SEC","18","New Orleans","2025","112","4","10","Danny Stutsman","Linebacker","75","233","114","5","68","Windermere","FL","USA","28.4944695","-81.5345547","12095"
"4686308","109298","84","Indiana","Big Ten","25","San Francisco","2025","113","4","11","CJ West","Defensive Tackle","73","316","195","22","51","La Grange Park","IL","USA","41.8333646","-87.8677324","17031"
"4685350","109259","61","Georgia","SEC","29","Carolina","2025","114","4","12","Trevor Etienne","Running Back","69","198","147","14","60","Jennings","LA","USA","30.2224284","-92.657085","29189"
"4429071","109321","194","Ohio State","Big Ten","22","Arizona","2025","115","4","13","Cody Simon","Linebacker","74","229","120","6","67","Jersey City","NJ","USA","40.7281575","-74.0776417","34017"
"4429059","109435","30","USC","Big Ten","34","Houston","2025","116","4","14","Woody Marks","Running Back","70","207","172","16","55","Atlanta","GA","USA","33.7490987","-84.3901849","13121"
"4710341","109364","2","Auburn","SEC","14","Los Angeles","2025","117","4","15","Jarquez Hunter","Running Back","69","204","188","18","52","Philadelphia","MS","USA","32.7703841","-89.1153488","28099"
"4431194","109265","201","Oklahoma","SEC","1","Atlanta","2025","118","4","16","Billy Bowman Jr.","Safety","70","192","102","7","70","Denton","TX","USA","33.2150386","-97.1330516","48121"
"4431519","109255","228","Clemson","ACC","4","Cincinnati","2025","119","4","17","Barrett Carter","Linebacker","72","231","155","9","59","Suwanee","GA","USA","34.0514898","-84.0712997","13135"
"4686728","109264","251","Texas","SEC","10","Tennessee","2025","120","4","18","Gunnar Helm","Tight End","77","241","79","6","76","Englewood","CO","USA","39.6482059","-104.9879641","08005"
"5085355","109432","2110","Central Arkansas","UAC","27","Tampa Bay","2025","121","4","19","David Walker","Defensive Edge","73","263","138","23","62","Stuttgart","AR","USA","34.5003748","-91.5526281","05001"
"4429110","109353","194","Ohio State","Big Ten","29","Carolina","2025","122","4","20","Lathan Ransom","Safety","72","206","129","10","65","Tucson","AZ","USA","32.2228765","-110.9748477","04019"
"4431590","109233","194","Ohio State","Big Ten","23","Pittsburgh","2025","123","4","21","Jack Sawyer","Defensive Edge","76","260","117","19","67","Pickerington","OH","USA","39.896277299999994","-82.77319049748806","39045"
"4683643","109388","251","Texas","SEC","9","Green Bay","2025","124","4","22","Barryn Sorrell","Defensive Edge","75","256","127","20","65","New Orleans","LA","USA","29.9499323","-90.0701156","22071"
"4432333","109227","2579","South Carolina","SEC","24","Los Angeles","2025","125","4","23","Kyle Kennard","Defensive Edge","76","254","130","21","64","Atlanta","GA","USA","33.7490987","-84.3901849","13121"
"5081397","109312","2633","Tennessee","SEC","5","Cleveland","2025","126","4","24","Dylan Sampson","Running Back","68","200","80","7","75","Baton Rouge","LA","USA","30.4459596","-91.18738","22033"
"4892240","109442","66","Iowa State","Big 12","11","Indianapolis","2025","127","4","25","Jalen Travis","Offensive Tackle","80","339","160","16","58","Minneapolis","MN","USA","44.9772995","-93.2654692","27053"
"4602667","109448","259","Virginia Tech","ACC","28","Washington","2025","128","4","26","Jaylin Lane","Wide Receiver","70","191","73","11","78","Clover","SC","USA","44.0380716","-87.7016818","55071"
"4698244","110001","25","California","ACC","33","Baltimore","2025","129","4","27","Teddye Buchanan","Linebacker","74","233","269","23","39","South San Francisco","CA","USA","37.6549493","-122.4081251","06081"
"4692024","109351","333","Alabama","SEC","20","New York","2025","130","4","28","Malachi Moore","Safety","71","196","197","14","50","Trussville","AL","USA","33.626629","-86.5549335251678","01073"
"4428350","109273","97","Louisville","ACC","18","New Orleans","2025","131","4","29","Quincy Riley","Cornerback","71","194","86","10","74","Columbia","SC","USA","34.0007493","-81.0343313","45079"
"4429970","109994","120","Maryland","Big Ten","3","Chicago","2025","132","4","30","Ruben Hyppolite II","Linebacker","","","","","","Hollywood","FL","USA","26.0112014","-80.1494901","12011"
"5082630","109270","328","Utah State","Mountain West","12","Kansas City","2025","133","4","31","Jalen Royals","Wide Receiver","72","205","62","9","83","Powder Springs","GA","USA","33.8595492","-84.683824","13067"
"4692048","109430","333","Alabama","SEC","7","Denver","2025","134","4","32","Que Robinson","Defensive Edge","76","243","133","22","64","Birmingham","AL","USA","33.5206824","-86.8024326","01073"
"4429109","109359","2579","South Carolina","SEC","13","Las Vegas","2025","135","4","33","Tonka Hemingway","Defensive Tackle","75","284","144","16","60","Conway","SC","USA","33.8360035","-79.0478143","45051"
"4883647","109229","24","Stanford","ACC","10","Tennessee","2025","136","4","34","Elic Ayomanor","Wide Receiver","74","206","106","15","70","Medicine Hat","AB","Canada","","",""
"4611993","109419","52","Florida State","ACC","17","New England","2025","137","4","35","Joshua Farmer","Defensive Tackle","75","305","76","11","76","Port Saint Joe","FL","USA","29.8118757","-85.302974","12045"
"4431466","110135","145","Ole Miss","SEC","25","San Francisco","2025","138","4","36","Jordan Watkins","Wide Receiver","71","196","211","23","48","Louisville","KY","USA","38.2542376","-85.759407","21111"
"4629149","109457","61","Georgia","SEC","16","Minnesota","2025","139","5","1","Tyrion Ingram-Dawkins","Defensive Edge","77","276","107","18","69","Gaffney","SC","USA","35.0717945","-81.6498195","45021"
"4687513","109452","57","Florida","SEC","29","Carolina","2025","140","5","2","Cam Jackson","Defensive Tackle","78","328","189","21","52","Haynesville","LA","USA","32.9620847","-93.1401647","22027"
"4769895","109428","2010","Alabama A&M","SWAC","33","Baltimore","2025","141","5","3","Carson Vinson","Offensive Tackle","79","314","209","19","49","Cary","NC","USA","35.7883046","-78.7811964","37183"
"4430838","109436","87","Notre Dame","FBS Independents","26","Seattle","2025","142","5","4","Rylie Mills","Defensive Tackle","77","291","232","28","44","Lake Bluff","IL","USA","42.2789117","-87.8342362","17097"
"4837188","109426","120","Maryland","Big Ten","15","Miami","2025","143","5","5","Jordan Phillips","Defensive Tackle","74","312","222","27","46","Orlando","FL","USA","28.5421109","-81.3790304","12095"
"4432762","109192","38","Colorado","Big 12","5","Cleveland","2025","144","5","6","Shedeur Sanders","Quarterback","74","212","35","2","87","Canton","TX","USA","32.555664","-95.8640507","48467"
"4689651","109399","2116","UCF","Big 12","21","Philadelphia","2025","145","5","7","Mac McWilliams","Cornerback","70","191","262","30","40","Pensacola","FL","USA","30.421309","-87.2169149","12033"
"4431424","109301","99","LSU","SEC","17","New England","2025","146","5","8","Bradyn Swinson","Defensive Edge","76","255","82","14","75","Douglasville","GA","USA","33.7514966","-84.7477136","13097"
"4685397","109299","2483","Oregon","Big Ten","25","San Francisco","2025","147","5","9","Jordan James","Running Back","70","205","109","10","69","Nashville","TN","USA","36.1622296","-86.7743531","47037"
"4431118","109372","194","Ohio State","Big Ten","14","Los Angeles","2025","148","5","10","Ty Hamilton","Defensive Tackle","75","299","159","18","58","Pickerington","OH","USA","39.896277299999994","-82.77319049748806","39045"
"4685279","109446","251","Texas","SEC","6","Dallas","2025","149","5","12","Jaydon Blue","Running Back","69","196","181","17","54","Houston","TX","USA","29.7589382","-95.3676974","48201"
"4432730","109479","57","Florida","SEC","15","Miami","2025","150","5","13","Jason Marshall Jr.","Cornerback","72","194","255","29","41","Miami","FL","USA","25.7742658","-80.1936589","12086"
"4874509","109437","2306","Kansas State","Big 12","11","Indianapolis","2025","151","5","14","DJ Giddens","Running Back","72","212","104","9","70","Junction City","KS","USA","39.0286093","-96.8313978","20061"
"4685400","109433","57","Florida","SEC","6","Dallas","2025","152","5","16","Shemar James","Linebacker","73","222","208","17","49","Mobile","AL","USA","30.6943566","-88.0430541","01097"
"4429010","109350","2390","Miami","ACC","4","Cincinnati","2025","153","5","17","Jalen Rivers","Offensive Guard","78","319","154","11","59","Jacksonville","FL","USA","30.3321838","-81.655651","12031"
"4686362","109384","2509","Purdue","Big Ten","19","New York","2025","154","5","18","Marcus Mbow","Offensive Guard","76","303","88","6","74","Wauwatosa","WI","USA","43.0494122","-88.0079271","55079"
"4431664","109413","120","Maryland","Big Ten","15","Miami","2025","155","5","19","Dante Trader Jr.","Safety","71","196","270","18","39","Delmar","DE","USA","38.4565052","-75.5771471","10005"
"4602389","109445","2483","Oregon","Big Ten","12","Kansas City","2025","156","5","20","Jeffrey Bassa","Linebacker","73","232","145","8","60","West Valley City","UT","USA","40.696629","-111.9867271","49035"
"4690795","109342","2567","SMU","ACC","27","Tampa Bay","2025","157","5","21","Elijah Roberts","Defensive Edge","76","285","193","28","51","Miami","FL","USA","25.7742658","-80.1936589","12086"
"4430870","110131","2","Auburn","SEC","24","Los Angeles","2025","158","5","22","KeAndre Lambert-Smith","Wide Receiver","73","190","261","30","40","Norfolk","VA","USA","36.8462923","-76.2929252","51710"
"4683059","109668","197","Oklahoma State","Big 12","9","Green Bay","2025","159","5","23","Collin Oliver","Linebacker","74","240","244","20","42","Oklahoma City","OK","USA","35.4729886","-97.5170536","40109"
"4693337","109675","2306","Kansas State","Big 12","25","San Francisco","2025","160","5","24","Marques Sigle","Safety","71","199","187","13","53","Omaha","NE","USA","41.2587459","-95.9383758","31055"
"4431573","109281","61","Georgia","SEC","21","Philadelphia","2025","161","5","25","Smael Mondon Jr.","Linebacker","74","224","124","7","65","Dallas","GA","USA","33.9237141","-84.8407732","13223"
"4700136","109339","2390","Miami","ACC","20","New York","2025","162","5","26","Francisco Mauigoa","Linebacker","74","233","252","21","42","ILI'ILI","","American Samoa","","",""
"4683243","109317","87","Notre Dame","FBS Independents","29","Carolina","2025","163","5","27","Mitchell Evans","Tight End","77","258","97","8","71","Wadsworth","OH","USA","41.0256101","-81.7298519","39103"
"4430947","109473","2294","Iowa","Big Ten","23","Pittsburgh","2025","164","5","28","Yahya Black","Defensive Tackle","78","336","198","23","50","Marshall","MN","USA","44.4469635","-95.7886581","27083"
"4595342","109411","183","Syracuse","ACC","24","Los Angeles","2025","165","5","29","Oronde Gadsden II","Tight End","77","243","215","15","48","Fort Lauderdale","FL","USA","26.1223084","-80.1433786","12011"
"4597703","109379","36","Colorado State","Mountain West","26","Seattle","2025","166","5","30","Tory Horton","Wide Receiver","75","196","91","13","73","Fresno","CA","USA","36.7295295","-119.70886126075588","06019"
"4876319","109427","16","Sacramento State","Big Sky","10","Tennessee","2025","167","5","31","Jackson Slater","Offensive Guard","75","311","170","12","56","Bellevue","WA","USA","47.6144219","-122.1923372","53033"
"4567802","109395","103","Boston College","ACC","21","Philadelphia","2025","168","5","32","Drew Kendall","Center","76","308","161","3","57","Norwell","MA","USA","42.1617681","-70.7939307","25023"
"4572685","109831","2636","UTSA","American Athletic","3","Chicago","2025","169","5","33","Zah Frazier","Cornerback","75","186","110","13","69","Cedartown","GA","USA","34.0124425","-85.2559398","13233"
"4596480","109483","194","Ohio State","Big Ten","2","Buffalo","2025","170","5","34","Jordan Hancock","Cornerback","72","195","191","21","52","Suwanee","GA","USA","34.0514898","-84.0712997","13135"
"4608890","109425","99","LSU","SEC","8","Detroit","2025","171","5","35","Miles Frazier","Offensive Guard","78","317","90","7","73","Camden","NJ","USA","39.9448402","-75.1198911","34007"
"4602943","109316","145","Ole Miss","SEC","14","Los Angeles","2025","172","5","36","Chris Paul Jr.","Linebacker","73","222","112","4","68","Cordele","GA","USA","31.9635074","-83.7823938","13081"
"4573699","109397","59","Georgia Tech","ACC","2","Buffalo","2025","173","5","37","Jackson Hawes","Tight End","77","253","126","9","66","Salt Lake City","UT","USA","40.7596198","-111.8867975","49035"
"4432668","109261","194","Ohio State","Big Ten","22","Arizona","2025","174","5","38","Denzel Burke","Cornerback","71","186","156","18","59","Scottsdale","AZ","USA","33.4942189","-111.9260184","04013"
"4691688","109416","333","Alabama","SEC","26","Seattle","2025","175","5","39","Robbie Ouzts","Tight End","75","274","305","20","34","Rock Hill","SC","USA","34.9248667","-81.0250784","45091"
"4692555","109252","2390","Miami","ACC","20","New York","2025","176","5","40","Tyler Baron","Defensive Edge","77","258","140","24","61","Knoxville","TN","USA","35.9603948","-83.9210261","47093"
"4568703","109305","259","Virginia Tech","ACC","2","Buffalo","2025","177","6","1","Dorian Strong","Cornerback","73","185","134","15","63","Upper Marlboro","MD","USA","38.8165274","-76.7519753","24033"
"5083656","109401","2711","Western Michigan","Mid-American","33","Baltimore","2025","178","6","2","Bilhal Kone","Cornerback","73","190","212","24","48","Apple Valley","MN","USA","44.7319094","-93.21772","27037"
"4711533","109237","197","Oklahoma State","Big 12","15","Miami","2025","179","6","3","Ollie Gordon II","Running Back","73","226","225","22","46","Fort Worth","TX","USA","32.753177","-97.3327459","48439"
"4430896","109311","145","Ole Miss","SEC","13","Las Vegas","2025","180","6","4","JJ Pegues","Defensive Tackle","75","309","121","13","67","Oxford","MS","USA","34.3664127","-89.5187664","28071"
"4433971","109377","183","Syracuse","ACC","21","Philadelphia","2025","181","6","5","Kyle McCord","Quarterback","75","218","165","8","56","Philadelphia","PA","USA","39.9527237","-75.1635262","42101"
"4569923","109939","2390","Miami","ACC","17","New England","2025","182","6","6","Andres Borregales","Place Kicker","71","170","273","1","38","Miami","FL","USA","25.7742658","-80.1936589","12086"
"4570469","109812","25","California","ACC","10","Tennessee","2025","183","6","7","Marcus Harris","Cornerback","71","189","223","25","46","Portland","OR","USA","45.5202471","-122.6741949","41051"
"4682652","109387","2305","Kansas","Big 12","18","New Orleans","2025","184","6","8","Devin Neal","Running Back","71","213","101","8","70","Lawrence","KS","USA","38.9719384","-95.2359496","20045"
"4429955","109386","194","Ohio State","Big Ten","23","Pittsburgh","2025","185","6","9","Will Howard","Quarterback","76","236","105","6","70","Downingtown","PA","USA","40.0064958","-75.7032742","42029"
"4697745","109950","12","Arizona","Big 12","33","Baltimore","2025","186","6","10","Tyler Loop","Place Kicker","71","191","308","3","34","Lucas","TX","USA","33.0842854","-96.5766577","48085"
"4432758","109287","213","Penn State","Big Ten","34","Houston","2025","187","6","11","Jaylen Reed","Safety","72","211","116","9","68","Detroit","MI","USA","42.3315509","-83.0466403","26163"
"4429121","109285","130","Michigan","Big Ten","10","Tennessee","2025","188","6","12","Kalel Mullings","Running Back","74","226","231","23","45","West Roxbury","MA","USA","42.2792649","-71.1494972","25025"
"4683423","109540","87","Notre Dame","FBS Independents","11","Indianapolis","2025","189","6","13","Riley Leonard","Quarterback","76","216","183","9","54","Fairhope","AL","USA","30.507956","-87.89742922432941","01003"
"4692033","109449","333","Alabama","SEC","11","Indianapolis","2025","190","6","14","Tim Smith","Defensive Tackle","76","302","177","20","54","Gifford","FL","USA","27.672998","-80.41788843483906","12061"
"4429000","109476","130","Michigan","Big Ten","21","Philadelphia","2025","191","6","15","Myles Hinton","Offensive Tackle","79","323","219","21","47","Johns Creek","GA","USA","34.0181557","-84.190196","13121"
"4612077","109507","2305","Kansas","Big 12","26","Seattle","2025","192","6","16","Bryce Cabeldue","Offensive Tackle","78","315","229","22","45","Clovis","NM","USA","34.405472","-103.2050709","35009"
"4429299","109327","2641","Texas Tech","Big 12","4","Cincinnati","2025","193","6","17","Tahj Brooks","Running Back","69","214","213","21","48","Manor","TX","USA","30.3407629","-97.5569456","48453"
"4576129","109460","2","Auburn","SEC","30","Jacksonville","2025","194","6","18","Jalen McLeod","Linebacker","74","241","190","15","52","Washington","DC","USA","38.8949855","-77.0365708","11001"
"4695895","110321","127","Michigan State","Big Ten","3","Chicago","2025","195","6","19","Luke Newman","Offensive Tackle","","","","","","Bloomfield Hills","MI","USA","42.583645","-83.2454883","26125"
"4710422","109340","68","Boise State","Mountain West","8","Detroit","2025","196","6","20","Ahmed Hassanein","Defensive Edge","74","267","274","33","38","Anaheim","CA","USA","33.8347516","-117.911732","06059"
"4426335","109536","57","Florida","SEC","34","Houston","2025","197","6","21","Graham Mertz","Quarterback","","","","","","Overland Park","KS","USA","38.9742502","-94.6851702","20091"
"4429136","108598","61","Georgia","SEC","9","Green Bay","2025","198","6","22","Warren Brinson","Defensive Tackle","77","315","268","31","39","Bradenton","FL","USA","27.4989278","-82.5748194","12081"
"4433914","109482","221","Pittsburgh","ACC","24","Los Angeles","2025","199","6","23","Branson Taylor","Offensive Tackle","78","321","235","23","44","Lorain","OH","USA","41.4673238","-82.1781904","39093"
"4880675","109513","2426","Navy","American Athletic","30","Jacksonville","2025","200","6","24","Rayuan Lane III","Safety","71","200","290","20","36","Jessup","MD","USA","39.1492746","-76.7752493","24003"
"4588300","109467","213","Penn State","Big Ten","16","Minnesota","2025","201","6","25","Kobe King","Linebacker","73","236","166","12","56","Detroit","MI","USA","42.3315509","-83.0466403","26163"
"4708049","109406","221","Pittsburgh","ACC","16","Minnesota","2025","202","6","26","Gavin Bartholomew","Tight End","77","246","230","16","45","Schuylkill Haven","PA","USA","40.6306464","-76.171054","42107"
"4690143","109417","38","Colorado","Big 12","33","Baltimore","2025","203","6","27","LaJohntay Wester","Wide Receiver","70","163","340","43","33","Palmetto","FL","USA","27.5214269","-82.5723193","12081"
"4696203","109240","2483","Oregon","Big Ten","6","Dallas","2025","204","6","28","Ajani Cornelius","Offensive Tackle","77","310","148","14","60","New York","NY","USA","40.7127281","-74.0060152","36061"
"4427984","109510","26","UCLA","Big Ten","28","Washington","2025","205","6","29","Kain Medrano","Linebacker","75","222","199","16","50","Pueblo","CO","USA","38.2544472","-104.609141","08101"
"4427843","109251","41","UConn","FBS Independents","2","Buffalo","2025","206","6","30","Chase Lundt","Offensive Tackle","80","304","152","15","59","Arlington","TX","USA","32.701938999999996","-97.10562379033699","48439"
"4685590","109291","251","Texas","SEC","21","Philadelphia","2025","207","6","31","Cameron Williams","Offensive Tackle","78","317","113","10","68","Duncanville","TX","USA","32.6518004","-96.9083366","48113"
"4708486","109502","38","Colorado","Big 12","29","Carolina","2025","208","6","32","Jimmy Horn Jr.","Wide Receiver","68","174","310","35","34","Sanford","FL","USA","28.8117297","-81.2680345","12117"
"4429009","109322","259","Virginia Tech","ACC","21","Philadelphia","2025","209","6","33","Antwaun Powell-Ryland","Defensive Edge","75","258","171","26","56","Portsmouth","VA","USA","36.8354258","-76.2982742","51740"
"4565311","109310","259","Virginia Tech","ACC","33","Baltimore","2025","210","6","34","Aeneas Peebles","Defensive Tackle","73","282","151","17","59","Raleigh","NC","USA","35.7803977","-78.6390989","37183"
"4431214","109326","251","Texas","SEC","22","Arizona","2025","211","6","35","Hayden Conner","Offensive Guard","78","314","260","19","40","Katy","TX","USA","29.7857853","-95.8243956","48157"
"4575860","109506","164","Rutgers","Big Ten","33","Baltimore","2025","212","6","36","Robert Longerbeam","Cornerback","71","175","178","19","54","Alexandria","VA","USA","38.8051095","-77.0470229","51510"
"4775196","110492","147","Montana State","Big Sky","13","Las Vegas","2025","213","6","37","Tommy Mellott","Wide Receiver","72","208","299","14","35","Butte","MT","USA","46.0131505","-112.5365089","30093"
"4429018","109472","228","Clemson","ACC","24","Los Angeles","2025","214","6","38","R.J. Mickens","Safety","72","199","108","8","69","Southlake","TX","USA","32.9412363","-97.1341783","48439"
"4693331","109537","2449","North Dakota State","MVFC","13","Las Vegas","2025","215","6","39","Cam Miller","Quarterback","73","212","298","13","35","Solon","IA","USA","41.8072344","-91.4940604","19103"
"4589212","109650","57","Florida","SEC","7","Denver","2025","216","6","40","Jeremy Crawshaw","Punter","76","198","282","2","37","Sydney","NSW","Australia","","",""
"4431603","109471","26","UCLA","Big Ten","6","Dallas","2025","217","7","1","Jay Toia","Defensive Tackle","74","342","168","19","56","Inglewood","CA","USA","33.9562003","-118.353132","06037"
"4693369","109444","275","Wisconsin","Big Ten","1","Atlanta","2025","218","7","2","Jack Nelson","Offensive Tackle","79","314","169","17","56","Stoughton","WI","USA","42.9167389","-89.2178997","55025"
"4590292","109463","158","Nebraska","Big Ten","19","New York","2025","219","7","3","Thomas Fidone II","Tight End","77","243","158","11","58","Council Bluffs","IA","USA","41.2621283","-95.8613912","19155"
"4565293","110494","142","Missouri","SEC","17","New England","2025","220","7","4","Marcus Bryant","Offensive Tackle","","","","","","Round Rock","TX","USA","30.508235","-97.6788934","48491"
"4430481","109286","30","USC","Big Ten","30","Jacksonville","2025","221","7","5","Jonah Monheim","Center","76","302","243","5","43","Moorpark","CA","USA","34.285558","-118.8820414","06111"
"4685126","109393","135","Minnesota","Big Ten","13","Las Vegas","2025","222","7","6","Cody Lindenberg","Linebacker","74","236","162","10","57","Anoka","MN","USA","45.1977428","-93.3871758","27003"
"4808830","109334","2390","Miami","ACC","26","Seattle","2025","223","7","7","Damien Martinez","Running Back","72","217","123","12","66","Lewisville","TX","USA","33.046233","-96.994174","48121"
"4677281","110458","164","Rutgers","Big Ten","34","Houston","2025","224","7","8","Kyonte Hamilton","Defensive Tackle","","","","","","District Heights","MD","USA","38.8576128","-76.8894171","24033"
"4430821","110216","2440","Nevada","Mountain West","22","Arizona","2025","225","7","9","Kitan Crawford","Safety","71","202","146","11","60","Tyler","TX","USA","32.3512601","-95.3010624","48423"
"4429490","109957","264","Washington","Big Ten","23","Pittsburgh","2025","226","7","10","Carson Bruener","Linebacker","73","227","258","22","41","Woodinville","WA","USA","47.7545827","-122.1588902","53033"
"4430431","109368","84","Indiana","Big Ten","25","San Francisco","2025","227","7","11","Kurtis Rourke","Quarterback","76","220","242","11","43","Oakville","ON","CAN","","",""
"4596602","109394","2567","SMU","ACC","12","Kansas City","2025","228","7","12","Brashard Smith","Running Back","70","194","153","15","59","Richmond Heights","FL","USA","25.6314936","-80.3689426","12086"
"4608004","110495","2117","Central Michigan","Mid-American","23","Pittsburgh","2025","229","7","13","Donte Kent","Cornerback","","","","","","Harrisburg","PA","USA","40.2663107","-76.8861122","42043"
"4575115","109404","61","Georgia","SEC","8","Detroit","2025","230","7","14","Dan Jackson","Safety","73","190","279","19","37","Gainesville","GA","USA","34.2978794","-83.8240663","13139"
"4889929","109209","251","Texas","SEC","15","Miami","2025","231","7","15","Quinn Ewers","Quarterback","74","214","111","7","69","Southlake","TX","USA","32.9412363","-97.1341783","48439"
"4432789","109361","275","Wisconsin","Big Ten","11","Indianapolis","2025","232","7","16","Hunter Wohler","Safety","74","213","256","17","41","Muskego","WI","USA","42.905848","-88.1389779","55133"
"4608686","109459","164","Rutgers","Big Ten","3","Chicago","2025","233","7","17","Kyle Monangai","Running Back","68","211","207","20","49","Roseland","NJ","USA","40.8206555","-74.2937595","34013"
"4432525","110491","2294","Iowa","Big Ten","26","Seattle","2025","234","7","18","Mason Richman","Offensive Tackle","78","312","239","24","43","Leawood","KS","USA","38.966673","-94.6169012","20091"
"4608810","109279","2483","Oregon","Big Ten","27","Tampa Bay","2025","235","7","19","Tez Johnson","Wide Receiver","70","154","196","21","51","Pinson","AL","USA","33.706205","-86.67007895992774","01073"
"4911851","109389","183","Syracuse","ACC","30","Jacksonville","2025","236","7","20","LeQuint Allen","Running Back","72","204","201","19","50","Millville","NJ","USA","39.4020593","-75.0393368","34011"
"4695280","110496","2655","Tulane","American Athletic","9","Green Bay","2025","237","7","21","Micah Robinson","Cornerback","","","","","","Atlanta","GA","USA","33.7490987","-84.3901849","13121"
"4431479","109376","2439","UNLV","Mountain West","26","Seattle","2025","238","7","22","Ricky White III","Wide Receiver","73","184","254","28","41","Marietta","GA","USA","33.9528472","-84.5496148","13067"
"4431562","109551","228","Clemson","ACC","6","Dallas","2025","239","7","23","Phil Mafah","Running Back","73","234","287","28","36","Loganville","GA","USA","33.8389977","-83.9007382","13297"
"4431509","109475","120","Maryland","Big Ten","2","Buffalo","2025","240","7","24","Kaden Prather","Wide Receiver","76","204","332","40","33","Montgomery Village","MD","USA","39.1729034","-77.2030297","24031"
"4432208","110497","254","Utah","Big 12","7","Denver","2025","241","7","25","Caleb Lohner","Tight End","79","250","","","","Flower Mound","TX","USA","33.0283854","-97.0867203","48121"
"4710855","109491","221","Pittsburgh","ACC","14","Los Angeles","2025","242","7","26","Konata Mumpfield","Wide Receiver","71","186","336","42","33","Hoschton","GA","USA","34.096496","-83.7612839","13157"
"4431252","109466","99","LSU","SEC","33","Baltimore","2025","243","7","27","Garrett Dellinger","Offensive Guard","76","325","192","14","52","Clarkston","MI","USA","42.735863","-83.4188304","26125"
"4596439","109643","61","Georgia","SEC","8","Detroit","2025","244","7","28","Dominic Lovett","Wide Receiver","70","185","266","31","39","Belleville","IL","USA","38.5200504","-89.9839935","17163"
"4575131","109642","12","Arizona","Big 12","28","Washington","2025","245","7","29","Jacory Croskey-Merritt","Running Back","71","204","253","26","41","Montgomery","AL","USA","32.3669656","-86.3006485","01101"
"4429281","109645","197","Oklahoma State","Big 12","19","New York","2025","246","7","30","Korie Black","Cornerback","72","190","233","26","44","Waco","TX","USA","31.549333","-97.1466695","48309"
"4683450","109494","120","Maryland","Big Ten","6","Dallas","2025","247","7","31","Tommy Akingbesote","Defensive Tackle","76","306","349","40","33","Largo","MD","USA","38.8976121","-76.8302489","24033"
"4432731","110177","26","UCLA","Big Ten","18","New Orleans","2025","248","7","32","Moliki Matavao","Tight End","78","260","167","12","56","Henderson","NV","USA","36.0301134","-114.9826194","32003"
"4431523","109405","2294","Iowa","Big Ten","25","San Francisco","2025","249","7","33","Connor Colby","Offensive Guard","78","309","311","21","34","Cedar Rapids","IA","USA","41.9758872","-91.6704053","19113"
"2312707","109455","2132","Cincinnati","Big 12","9","Green Bay","2025","250","7","34","John Williams","Offensive Tackle","76","322","272","25","39","","","","","",""
"4695254","110498","238","Vanderbilt","SEC","17","New England","2025","251","7","35","Julian Ashby","Long Snapper","73","221","","","","Lilburn","GA","USA","33.8901036","-84.1429719","13135"
"4887918","110133","149","Montana","Big Sky","25","San Francisco","2025","252","7","36","Junior Bergen","Wide Receiver","","","","","","Billings","MT","USA","45.7874957","-108.49607","30111"
"4683276","109504","59","Georgia Tech","ACC","15","Miami","2025","253","7","37","Zeek Biggers","Defensive Tackle","78","321","285","34","37","Salisbury","NC","USA","35.6709727","-80.4742261","37159"
"4429073","109498","183","Syracuse","ACC","18","New Orleans","2025","254","7","38","Fadil Diggs","Defensive Edge","76","257","221","29","47","Camden","NJ","USA","39.9448402","-75.1198911","34007"
"4432338","109338","2294","Iowa","Big Ten","34","Houston","2025","255","7","39","Luke Lachey","Tight End","78","251","184","13","53","Columbus","OH","USA","39.9622601","-83.0007065","39049"
"4426513","110204","57","Florida","SEC","24","Los Angeles","2025","256","7","40","Trikweze Bridges","Safety","","","","","","Lanett","AL","USA","32.8687391","-85.1904971","01017"
"4566100","110499","235","Memphis","American Athletic","17","New England","2025","257","7","41","Kobee Minor","Cornerback","72","190","","","","Lake Dallas","TX","USA","33.1192875","-97.0255641","48121"
